text,label,label_id,source,example_id
"IEEE Standard 303.9

This work addresses challenges in Signal Processing through a novel algorithm for signal denoising. Experimental results demonstrate a 27% improvement in performance metrics. This paper presents a novel algorithm for signal denoising. The proposed method achieves significant improvements over existing approaches.

APPENDIX
Supplementary material is available.",ieee,0,synthetic,ieee_000
"Proceedings of the IEEE Workshop

This work addresses challenges in Computer Science through a optimization of wireless communication protocols. The methodology section details the experimental setup and evaluation criteria. This paper presents a optimization of wireless communication protocols. The proposed method achieves significant improvements over existing approaches.

ACKNOWLEDGMENT
This work was supported by Corporate Sponsorship.",ieee,0,synthetic,ieee_001
"IEEE Standard 750.6

This work addresses challenges in Biomedical Engineering through a deep learning models for medical diagnosis. Future work will explore extensions to real-world applications. This paper presents a deep learning models for medical diagnosis. The proposed method achieves significant improvements over existing approaches.

APPENDIX
Supplementary material is available.",ieee,0,synthetic,ieee_002
"IEEE TRANSACTIONS ON Computer Science

This work addresses challenges in Electrical Engineering through a hardware implementation of neural networks. The methodology section details the experimental setup and evaluation criteria. Future work will explore extensions to real-world applications.

REFERENCES
[1] Author, ""Title,"" Journal, vol., no., pp., year.",ieee,0,synthetic,ieee_003
"Proceedings of the IEEE Symposium

This work addresses challenges in Electrical Engineering through a novel algorithm for signal denoising. The methodology section details the experimental setup and evaluation criteria. This paper presents a novel algorithm for signal denoising. The proposed method achieves significant improvements over existing approaches.

ACKNOWLEDGMENT
This work was supported by Corporate Sponsorship.",ieee,0,synthetic,ieee_004
"IEEE Standard 448.2

This work addresses challenges in Biomedical Engineering through a novel algorithm for signal denoising. This paper presents a novel algorithm for signal denoising. The proposed method achieves significant improvements over existing approaches. Future work will explore extensions to real-world applications.

APPENDIX
Supplementary material is available.",ieee,0,synthetic,ieee_005
"Proceedings of the IEEE Workshop

This work addresses challenges in Biomedical Engineering through a machine learning approach for image classification. This paper presents a machine learning approach for image classification. The proposed method achieves significant improvements over existing approaches. The methodology section details the experimental setup and evaluation criteria.

ACKNOWLEDGMENT
This work was supported by NIH.",ieee,0,synthetic,ieee_006
"IEEE TRANSACTIONS ON Engineering

This work addresses challenges in Signal Processing through a hardware implementation of neural networks. Experimental results demonstrate a 29% improvement in performance metrics. This paper presents a hardware implementation of neural networks. The proposed method achieves significant improvements over existing approaches.

REFERENCES
[1] Author, ""Title,"" Journal, vol., no., pp., year.",ieee,0,synthetic,ieee_007
"IEEE TRANSACTIONS ON Technology

This work addresses challenges in Communications through a machine learning approach for image classification. Future work will explore extensions to real-world applications. The methodology section details the experimental setup and evaluation criteria.

REFERENCES
[1] Author, ""Title,"" Journal, vol., no., pp., year.",ieee,0,synthetic,ieee_008
"IEEE TRANSACTIONS ON Engineering

This work addresses challenges in Signal Processing through a novel algorithm for signal denoising. This paper presents a novel algorithm for signal denoising. The proposed method achieves significant improvements over existing approaches. The methodology section details the experimental setup and evaluation criteria.

REFERENCES
[1] Author, ""Title,"" Journal, vol., no., pp., year.",ieee,0,synthetic,ieee_009
"Proceedings of the IEEE Conference

This work addresses challenges in Biomedical Engineering through a optimization of wireless communication protocols. This paper presents a optimization of wireless communication protocols. The proposed method achieves significant improvements over existing approaches. The methodology section details the experimental setup and evaluation criteria.

ACKNOWLEDGMENT
This work was supported by Corporate Sponsorship.",ieee,0,synthetic,ieee_010
"Proceedings of the IEEE Conference

This work addresses challenges in Communications through a novel algorithm for signal denoising. This paper presents a novel algorithm for signal denoising. The proposed method achieves significant improvements over existing approaches. Future work will explore extensions to real-world applications.

ACKNOWLEDGMENT
This work was supported by Corporate Sponsorship.",ieee,0,synthetic,ieee_011
"IEEE Standard 709.2

This work addresses challenges in Biomedical Engineering through a machine learning approach for image classification. The methodology section details the experimental setup and evaluation criteria. This paper presents a machine learning approach for image classification. The proposed method achieves significant improvements over existing approaches.

APPENDIX
Supplementary material is available.",ieee,0,synthetic,ieee_012
"IEEE Standard 505.3

This work addresses challenges in Computer Science through a optimization of wireless communication protocols. Experimental results demonstrate a 17% improvement in performance metrics. The methodology section details the experimental setup and evaluation criteria.

APPENDIX
Supplementary material is available.",ieee,0,synthetic,ieee_013
"IEEE Standard 953.9

This work addresses challenges in Electrical Engineering through a optimization of wireless communication protocols. This paper presents a optimization of wireless communication protocols. The proposed method achieves significant improvements over existing approaches. Future work will explore extensions to real-world applications.

APPENDIX
Supplementary material is available.",ieee,0,synthetic,ieee_014
"Lecture Notes in Computer Science

This study investigates simulation of biological processes within the context of Mathematics. Results indicate statistically significant findings (p < 0.05). The discussion section interprets these findings in light of current literature.

© Springer-Verlag 2022",springer,1,synthetic,springer_000
"Research on Machine Learning

Abstract
This study investigates statistical analysis of large datasets within the context of Computer Science. Conclusions highlight implications for future research directions. Methodological considerations are discussed in detail.

Keywords: Algorithms, Optimization

1 Introduction
This study investigates statistical analysis of large datasets within the context of Computer Science. Conclusions highlight implications for future research directions. Methodological considerations are discussed in detail.",springer,1,synthetic,springer_001
"Research on System Design

Abstract
Results indicate statistically significant findings (p < 0.01). Conclusions highlight implications for future research directions. This study investigates theoretical framework for modeling phenomena within the context of Biology.

Keywords: AI, ML, Deep Learning

1 Introduction
Results indicate statistically significant findings (p < 0.01). Conclusions highlight implications for future research directions. This study investigates theoretical framework for modeling phenomena within the context of Biology.",springer,1,synthetic,springer_002
"Springer Transactions

This study investigates experimental validation of hypotheses within the context of Physics. The discussion section interprets these findings in light of current literature. Conclusions highlight implications for future research directions.

Received: 4/8/2020 / Accepted: 4/8/2020 / Published: 4/8/2020",springer,1,synthetic,springer_003
"Springer Transactions

This study investigates experimental validation of hypotheses within the context of Chemistry. Results indicate statistically significant findings (p < 0.01). Conclusions highlight implications for future research directions.

Received: 12/26/2022 / Accepted: 12/26/2022 / Published: 12/26/2022",springer,1,synthetic,springer_004
"Research on System Design

Abstract
Results indicate statistically significant findings (p < 0.02). The discussion section interprets these findings in light of current literature. This study investigates simulation of biological processes within the context of Chemistry.

Keywords: AI, ML, Deep Learning

1 Introduction
Results indicate statistically significant findings (p < 0.02). The discussion section interprets these findings in light of current literature. This study investigates simulation of biological processes within the context of Chemistry.",springer,1,synthetic,springer_005
"Lecture Notes in Computer Science

Results indicate statistically significant findings (p < 0.05). The discussion section interprets these findings in light of current literature. Conclusions highlight implications for future research directions.

© Springer-Verlag 2023",springer,1,synthetic,springer_006
"Springer Journal

This study investigates simulation of biological processes within the context of Chemistry. Methodological considerations are discussed in detail. Results indicate statistically significant findings (p < 0.03).

Received: 4/16/2024 / Accepted: 4/16/2024 / Published: 4/16/2024",springer,1,synthetic,springer_007
"Research on Machine Learning

Abstract
Methodological considerations are discussed in detail. Conclusions highlight implications for future research directions. Results indicate statistically significant findings (p < 0.04).

Keywords: Security, Privacy, Compliance

1 Introduction
Methodological considerations are discussed in detail. Conclusions highlight implications for future research directions. Results indicate statistically significant findings (p < 0.04).",springer,1,synthetic,springer_008
"Springer Transactions

Conclusions highlight implications for future research directions. The discussion section interprets these findings in light of current literature. Results indicate statistically significant findings (p < 0.03).

Received: 4/9/2022 / Accepted: 4/9/2022 / Published: 4/9/2022",springer,1,synthetic,springer_009
"Research on Data Analysis

Abstract
Conclusions highlight implications for future research directions. The discussion section interprets these findings in light of current literature. Methodological considerations are discussed in detail.

Keywords: Algorithms, Optimization

1 Introduction
Conclusions highlight implications for future research directions. The discussion section interprets these findings in light of current literature. Methodological considerations are discussed in detail.",springer,1,synthetic,springer_010
"Lecture Notes in Computer Science

Results indicate statistically significant findings (p < 0.02). The discussion section interprets these findings in light of current literature. Methodological considerations are discussed in detail.

© Springer-Verlag 2021",springer,1,synthetic,springer_011
"Springer Transactions

The discussion section interprets these findings in light of current literature. Results indicate statistically significant findings (p < 0.03). This study investigates computational analysis of complex systems within the context of Physics.

Received: 5/27/2020 / Accepted: 5/27/2020 / Published: 5/27/2020",springer,1,synthetic,springer_012
"Lecture Notes in Engineering

Methodological considerations are discussed in detail. This study investigates computational analysis of complex systems within the context of Computer Science. Results indicate statistically significant findings (p < 0.02).

© Springer-Verlag 2022",springer,1,synthetic,springer_013
"Springer Journal

Methodological considerations are discussed in detail. This study investigates statistical analysis of large datasets within the context of Chemistry. Results indicate statistically significant findings (p < 0.04).

Received: 10/26/2020 / Accepted: 10/26/2020 / Published: 10/26/2020",springer,1,synthetic,springer_014
"Research on System Design

ABSTRACT
The system architecture and implementation details are provided. A user study with 112 participants was conducted. Limitations and potential improvements are discussed.

1. INTRODUCTION
The system architecture and implementation details are provided. A user study with 112 participants was conducted. Limitations and potential improvements are discussed.

REFERENCES",acm,2,synthetic,acm_000
"ACM Transactions on Engineering

This research contributes to the field of Cybersecurity by exploring big data processing frameworks. The system architecture and implementation details are provided. A user study with 106 participants was conducted.

Permission to make digital or hard copies of part or all of this work for personal or classroom use is granted without fee.",acm,2,synthetic,acm_001
"ACM Transactions on Computer Science

The system architecture and implementation details are provided. Limitations and potential improvements are discussed. This research contributes to the field of Artificial Intelligence by exploring big data processing frameworks.

Permission to make digital or hard copies of part or all of this work for personal or classroom use is granted without fee.",acm,2,synthetic,acm_002
"Research on System Design

ABSTRACT
Quantitative and qualitative measures were employed for evaluation. A user study with 98 participants was conducted. This research contributes to the field of Data Science by exploring software testing methodologies.

1. INTRODUCTION
Quantitative and qualitative measures were employed for evaluation. A user study with 98 participants was conducted. This research contributes to the field of Data Science by exploring software testing methodologies.

REFERENCES",acm,2,synthetic,acm_003
"Research on System Design

ABSTRACT
Limitations and potential improvements are discussed. A user study with 23 participants was conducted. The system architecture and implementation details are provided.

1. INTRODUCTION
Limitations and potential improvements are discussed. A user study with 23 participants was conducted. The system architecture and implementation details are provided.

REFERENCES",acm,2,synthetic,acm_004
"Research on System Design

ABSTRACT
The system architecture and implementation details are provided. This research contributes to the field of Human-Computer Interaction by exploring user interface design evaluation. Quantitative and qualitative measures were employed for evaluation.

1. INTRODUCTION
The system architecture and implementation details are provided. This research contributes to the field of Human-Computer Interaction by exploring user interface design evaluation. Quantitative and qualitative measures were employed for evaluation.

REFERENCES",acm,2,synthetic,acm_005
"Research on Machine Learning

ABSTRACT
Limitations and potential improvements are discussed. This research contributes to the field of Cybersecurity by exploring security vulnerability assessment. The system architecture and implementation details are provided.

1. INTRODUCTION
Limitations and potential improvements are discussed. This research contributes to the field of Cybersecurity by exploring security vulnerability assessment. The system architecture and implementation details are provided.

REFERENCES",acm,2,synthetic,acm_006
"ACM Transactions on Engineering

A user study with 38 participants was conducted. Quantitative and qualitative measures were employed for evaluation. The system architecture and implementation details are provided.

Permission to make digital or hard copies of part or all of this work for personal or classroom use is granted without fee.",acm,2,synthetic,acm_007
"ACM Transactions on Computer Science

Limitations and potential improvements are discussed. The system architecture and implementation details are provided. A user study with 148 participants was conducted.

Permission to make digital or hard copies of part or all of this work for personal or classroom use is granted without fee.",acm,2,synthetic,acm_008
"Research on Data Analysis

ABSTRACT
A user study with 91 participants was conducted. The system architecture and implementation details are provided. Quantitative and qualitative measures were employed for evaluation.

1. INTRODUCTION
A user study with 91 participants was conducted. The system architecture and implementation details are provided. Quantitative and qualitative measures were employed for evaluation.

REFERENCES",acm,2,synthetic,acm_009
"ACM Workshop

Quantitative and qualitative measures were employed for evaluation. Limitations and potential improvements are discussed. This research contributes to the field of Data Science by exploring user interface design evaluation.

CCS Concepts: • Security and privacy → Access control

Additional Key Words and Phrases: Algorithms, Optimization",acm,2,synthetic,acm_010
"ACM Workshop

The system architecture and implementation details are provided. This research contributes to the field of Software Engineering by exploring big data processing frameworks. Limitations and potential improvements are discussed.

CCS Concepts: • Computing methodologies → Machine learning

Additional Key Words and Phrases: Algorithms, Optimization",acm,2,synthetic,acm_011
"ACM Transactions on Engineering

The system architecture and implementation details are provided. A user study with 143 participants was conducted. Limitations and potential improvements are discussed.

Permission to make digital or hard copies of part or all of this work for personal or classroom use is granted without fee.",acm,2,synthetic,acm_012
"ACM Transactions on Technology

The system architecture and implementation details are provided. Limitations and potential improvements are discussed. A user study with 58 participants was conducted.

Permission to make digital or hard copies of part or all of this work for personal or classroom use is granted without fee.",acm,2,synthetic,acm_013
"Research on Machine Learning

ABSTRACT
A user study with 29 participants was conducted. Quantitative and qualitative measures were employed for evaluation. This research contributes to the field of Artificial Intelligence by exploring big data processing frameworks.

1. INTRODUCTION
A user study with 29 participants was conducted. Quantitative and qualitative measures were employed for evaluation. This research contributes to the field of Artificial Intelligence by exploring big data processing frameworks.

REFERENCES",acm,2,synthetic,acm_014
"REGULATORY COMPLIANCE CHECKLIST

This document outlines procedures for risk assessment in compliance with SOX. Updates to this document will be reviewed annually. Violations of these policies may result in disciplinary action.

Status: Compliant/Non-Compliant
Action Required: Immediate remediation required",compliance,3,synthetic,compliance_000
"REGULATORY COMPLIANCE CHECKLIST

All employees must complete annual training on these protocols. Updates to this document will be reviewed biannually. Regular audits will be conducted to ensure ongoing compliance.

Status: Compliant/Non-Compliant
Action Required: Immediate remediation required",compliance,3,synthetic,compliance_001
"REGULATORY COMPLIANCE CHECKLIST

Regular audits will be conducted to ensure ongoing compliance. All employees must complete annual training on these protocols. This document outlines procedures for data protection in compliance with SOX.

Status: Compliant/Non-Compliant
Action Required: Immediate remediation required",compliance,3,synthetic,compliance_002
"DATA PROTECTION AND PRIVACY POLICY

Violations of these policies may result in disciplinary action. Regular audits will be conducted to ensure ongoing compliance. This document outlines procedures for data protection in compliance with SOX.

This policy is in accordance with HIPAA regulations.",compliance,3,synthetic,compliance_003
"REGULATORY COMPLIANCE CHECKLIST

Regular audits will be conducted to ensure ongoing compliance. All employees must complete annual training on these protocols. This document outlines procedures for data protection in compliance with PCI DSS.

Status: Compliant/Non-Compliant
Action Required: Monitoring recommended",compliance,3,synthetic,compliance_004
"COMPLIANCE POLICY DOCUMENT

All employees must complete annual training on these protocols. Violations of these policies may result in disciplinary action. Regular audits will be conducted to ensure ongoing compliance.

Effective Date: 2/15/2022
Review Date: 2/15/2022

Approved by: CEO",compliance,3,synthetic,compliance_005
"REGULATORY COMPLIANCE CHECKLIST

This document outlines procedures for access control in compliance with ISO 27001. Violations of these policies may result in disciplinary action. Regular audits will be conducted to ensure ongoing compliance.

Status: Compliant/Non-Compliant
Action Required: Immediate remediation required",compliance,3,synthetic,compliance_006
"REGULATORY COMPLIANCE CHECKLIST

This document outlines procedures for access control in compliance with ISO 27001. Violations of these policies may result in disciplinary action. Regular audits will be conducted to ensure ongoing compliance.

Status: Compliant/Non-Compliant
Action Required: Monitoring recommended",compliance,3,synthetic,compliance_007
"COMPLIANCE POLICY DOCUMENT

All employees must complete annual training on these protocols. This document outlines procedures for data protection in compliance with PCI DSS. Violations of these policies may result in disciplinary action.

Effective Date: 9/7/2024
Review Date: 9/7/2024

Approved by: Board of Directors",compliance,3,synthetic,compliance_008
"REGULATORY COMPLIANCE CHECKLIST

This document outlines procedures for data protection in compliance with HIPAA. All employees must complete annual training on these protocols. Updates to this document will be reviewed annually.

Status: Compliant/Non-Compliant
Action Required: Monitoring recommended",compliance,3,synthetic,compliance_009
"REGULATORY COMPLIANCE CHECKLIST

This document outlines procedures for access control in compliance with ISO 27001. Regular audits will be conducted to ensure ongoing compliance. All employees must complete annual training on these protocols.

Status: Compliant/Non-Compliant
Action Required: Immediate remediation required",compliance,3,synthetic,compliance_010
"DATA PROTECTION AND PRIVACY POLICY

Updates to this document will be reviewed annually. Regular audits will be conducted to ensure ongoing compliance. All employees must complete annual training on these protocols.

This policy is in accordance with CCPA regulations.",compliance,3,synthetic,compliance_011
"REGULATORY COMPLIANCE CHECKLIST

Regular audits will be conducted to ensure ongoing compliance. Updates to this document will be reviewed annually. This document outlines procedures for audit trails in compliance with PCI DSS.

Status: Compliant/Non-Compliant
Action Required: Monitoring recommended",compliance,3,synthetic,compliance_012
"DATA PROTECTION AND PRIVACY POLICY

Regular audits will be conducted to ensure ongoing compliance. Updates to this document will be reviewed annually. This document outlines procedures for audit trails in compliance with GDPR.

This policy is in accordance with HIPAA regulations.",compliance,3,synthetic,compliance_013
"DATA PROTECTION AND PRIVACY POLICY

This document outlines procedures for audit trails in compliance with SOX. All employees must complete annual training on these protocols. Updates to this document will be reviewed biannually.

This policy is in accordance with CCPA regulations.",compliance,3,synthetic,compliance_014
"TERMS AND CONDITIONS

This document shall be governed by the laws of the State of New York. This disclosure is entered into between Company and Individual. Any disputes shall be resolved through arbitration.

Governing Law: This Agreement shall be governed by the laws of California.",legal,4,synthetic,legal_000
"TERMS AND CONDITIONS

This memorandum is entered into between Company and Partnership. The terms and conditions herein are legally binding and enforceable. Confidential information shall not be disclosed to third parties.

Governing Law: This Agreement shall be governed by the laws of California.",legal,4,synthetic,legal_001
"LEGAL OPINION

This document shall be governed by the laws of the State of Delaware. Confidential information shall not be disclosed to third parties. Any disputes shall be resolved through mediation.

Based on the foregoing analysis, it is our opinion that the proposed action is permissible.",legal,4,synthetic,legal_002
"TERMS AND CONDITIONS

The terms and conditions herein are legally binding and enforceable. Any disputes shall be resolved through litigation. This agreement is entered into between Corporation and Partnership.

Governing Law: This Agreement shall be governed by the laws of Federal.",legal,4,synthetic,legal_003
"CONFIDENTIALITY AGREEMENT

Any disputes shall be resolved through litigation. The terms and conditions herein are legally binding and enforceable. Confidential information shall not be disclosed to third parties.

IN WITNESS WHEREOF, the parties have executed this Agreement as of the Effective Date.",legal,4,synthetic,legal_004
"CONFIDENTIALITY AGREEMENT

Confidential information shall not be disclosed to third parties. The terms and conditions herein are legally binding and enforceable. This document shall be governed by the laws of the State of California.

IN WITNESS WHEREOF, the parties have executed this Agreement as of the Effective Date.",legal,4,synthetic,legal_005
"LEGAL OPINION

This document shall be governed by the laws of the State of Texas. This memorandum is entered into between Partnership and Entity. Any disputes shall be resolved through mediation.

Based on the foregoing analysis, it is our opinion that further review is necessary.",legal,4,synthetic,legal_006
"CONFIDENTIALITY AGREEMENT

Any disputes shall be resolved through litigation. The terms and conditions herein are legally binding and enforceable. This document shall be governed by the laws of the State of Delaware.

IN WITNESS WHEREOF, the parties have executed this Agreement as of the Effective Date.",legal,4,synthetic,legal_007
"CONFIDENTIALITY AGREEMENT

This document shall be governed by the laws of the State of Texas. The terms and conditions herein are legally binding and enforceable. Any disputes shall be resolved through litigation.

IN WITNESS WHEREOF, the parties have executed this Agreement as of the Effective Date.",legal,4,synthetic,legal_008
"CONFIDENTIALITY AGREEMENT

Any disputes shall be resolved through mediation. Confidential information shall not be disclosed to third parties. The terms and conditions herein are legally binding and enforceable.

IN WITNESS WHEREOF, the parties have executed this Agreement as of the Effective Date.",legal,4,synthetic,legal_009
"LEGAL OPINION

The terms and conditions herein are legally binding and enforceable. Confidential information shall not be disclosed to third parties. This document shall be governed by the laws of the State of California.

Based on the foregoing analysis, it is our opinion that further review is necessary.",legal,4,synthetic,legal_010
"LEGAL OPINION

This opinion is entered into between Individual and Entity. This document shall be governed by the laws of the State of California. The terms and conditions herein are legally binding and enforceable.

Based on the foregoing analysis, it is our opinion that the proposed action is permissible.",legal,4,synthetic,legal_011
"TERMS AND CONDITIONS

Any disputes shall be resolved through litigation. Confidential information shall not be disclosed to third parties. This disclosure is entered into between Company and Partnership.

Governing Law: This Agreement shall be governed by the laws of New York.",legal,4,synthetic,legal_012
"LEGAL OPINION

This document shall be governed by the laws of the State of California. Any disputes shall be resolved through litigation. This agreement is entered into between Partnership and Individual.

Based on the foregoing analysis, it is our opinion that the proposed action is permissible.",legal,4,synthetic,legal_013
"CONFIDENTIALITY AGREEMENT

This document shall be governed by the laws of the State of Delaware. Confidential information shall not be disclosed to third parties. The terms and conditions herein are legally binding and enforceable.

IN WITNESS WHEREOF, the parties have executed this Agreement as of the Effective Date.",legal,4,synthetic,legal_014
